time,aveEDA,d005_EDA
2019-07-26-21-03,0.110999473,2
2019-07-26-21-04,0.124451463,3
2019-07-26-21-05,0.228346973,4
2019-07-26-21-06,0.46707353,9
2019-07-26-21-07,0.741161159,14
2019-07-26-21-08,0.110999473,2
2019-07-26-21-09,0.151414424,3
2019-07-26-21-10,0.228346973,4
2019-07-26-21-11,0.46707353,9
2019-07-26-21-12,0.741161159,14
2019-07-26-21-13,0.741161159,14
